,revenue
0,16.326300330915824
1,18.370959224205944
2,16.38751199098573
3,16.588099342704055
4,15.18261470922214
5,14.997740387737252
6,18.263396044879872
7,14.765820807889137
8,17.351454194007484
9,16.74671748362726
10,18.57969228775781
11,16.935318648253194
12,19.691274093623488
13,18.371764800373036
14,19.69708469770741
15,5.293304824724492
16,17.87408637811931
17,14.025978107156048
18,14.374816583642607
19,18.260132107446047
20,18.729336992463118
21,17.418016649695787
22,11.516379492941743
23,9.741674256373525
24,15.414437018146035
25,15.944150989797505
26,16.44272163989704
27,15.87564197854684
28,15.581892046457524
29,18.36871106297223
30,19.871078075121222
31,17.399029524198163
32,18.80551387574951
33,8.877939834725023
34,19.36855631746733
35,17.513007450073736
36,11.928736865132537
37,19.061795204185188
38,11.430641079947755
39,9.607370001263245
40,12.001511614739405
41,16.601618359255742
42,17.008566828481705
43,13.836216698538003
44,17.66937547592761
45,15.274125813221904
46,20.309174803787407
47,18.863827676603687
48,13.390789233250414
49,18.603002309079653
50,14.220976332738882
51,17.047631635898284
52,16.213405921671733
53,16.67854275040142
54,17.64566318153949
55,17.411402659919723
56,13.870887552685641
57,19.28865111788086
58,11.691607071843588
59,17.05351945269176
60,20.21084888268541
61,16.48273883399067
62,17.043635081460696
63,16.454567959008102
64,16.686524659549985
65,16.28412859905434
66,12.230477411818724
67,11.945493287169603
68,16.390398593507353
69,18.88106508710607
70,16.866025765026475
71,16.63428922148404
72,15.927702889447257
73,9.76388059814971
74,14.648420115681892
75,17.03127105523471
76,13.122365377402328
77,17.500541240048012
78,17.388139891531882
79,13.566819685150076
80,16.038778704856128
81,16.26549841472407
82,18.337025391027108
83,17.51435662992746
84,16.388250489940827
85,18.839536476134583
86,18.48139948839795
87,17.293423518540404
88,16.392880612060882
89,18.757738473424897
90,19.013725787096668
91,12.279973453369708
92,16.52356082573315
93,14.817786306967594
94,16.817092687696285
95,9.571783927990017
96,8.119398589612294
97,11.19822841866684
98,16.951004817371683
99,17.6574558465306
100,16.03790481564776
101,19.563444971118127
102,16.52096205201705
103,15.485206907530323
104,18.82295072641198
105,16.61920185380939
106,16.532473852504896
107,19.162618093443648
108,16.735181753294004
109,17.358271822748165
110,18.029590382341286
111,16.90813507737768
112,18.35689670079136
113,17.760674273034528
114,20.585575367339324
115,17.543718267525534
116,5.7430031878094825
117,19.351369043639632
118,14.401289653491293
119,16.750150153305523
120,19.66577381095219
121,19.920303792611403
122,15.535622743009913
123,18.326773949941376
124,17.92182873285675
125,15.816990693309524
126,16.5563506464056
127,16.301137198496722
128,17.648521372886957
129,15.56141874028948
130,16.097893045681612
131,8.557759153162898
132,14.712645789110677
133,19.171062453510984
134,17.312018149733785
135,12.611541086966115
136,11.700905979615861
137,15.285864548115635
138,14.935839001443595
139,19.826070497042362
140,16.454567959008102
141,17.264443261931465
142,13.330705120457191
143,12.853633897869235
144,16.213405921671733
145,9.125762395500885
146,16.78645677956257
147,18.27864371502934
148,18.80739820807371
149,12.97681723877299
150,2.9444389791664403
151,9.735423867488873
152,5.488937726156687
153,17.7749104627067
154,15.4431594395216
155,18.51474180757216
156,15.927278185925672
157,13.012068485488832
158,16.781453193636224
159,16.73611300668165
160,11.642057193250064
161,16.323246052084766
162,14.978661680269907
163,16.65435823460973
164,17.955004697199083
165,10.12667110305036
166,14.36008406159904
167,18.786825985725066
168,17.54920437846555
169,17.01829086211791
170,17.833693777206424
171,14.765483617486279
172,16.300417291085605
173,14.847931404617905
174,17.183061975975
175,19.149600034602248
176,16.5120333733157
177,13.185629214022415
178,18.645526086398274
179,18.8664366078985
180,17.254271158099154
181,16.857983372835584
182,16.898839612125755
183,16.680857456415527
184,19.286441258642544
185,18.89692547568809
186,15.159290868844698
187,13.733216401013184
188,20.071859002213046
189,16.608997018431623
190,16.629421209735973
191,18.193780156307493
192,17.450883006080275
193,16.393302328263676
194,13.520893829603951
195,11.657943136987681
196,11.821909040841925
197,18.17119767057406
198,16.330979632409907
199,16.762815688948518
200,18.78532386448472
201,15.180658909854401
202,18.5159909328476
203,20.08284174692816
204,16.118095750958314
205,14.845668758547014
206,14.249312362623641
207,18.005165315142214
208,15.286167896323784
209,18.498599206244183
210,17.095310780887992
211,19.969633776930614
212,15.044607686557733
213,17.249497794707484
214,14.493134879938932
215,18.974364750751363
216,18.235087749837888
217,18.261685024185237
218,15.427018925526125
219,14.967979835279014
220,16.18130507048152
221,13.534388256426213
222,10.362493427572323
223,19.681772432170284
224,6.2166061010848646
225,15.700383401846803
226,17.18043813758244
227,17.07732529031056
228,13.367099325969543
229,14.721347236138207
230,18.09465826196635
231,13.816947525032393
232,14.615311966974655
233,12.239164035780362
234,15.964284580124065
235,17.122303922466028
236,15.53827733427679
237,14.299272234747601
238,20.040068989219833
239,17.86883320985095
240,15.57172039403821
241,16.742001429150072
242,11.299348507525231
243,16.678806267921093
244,17.597083156795183
245,16.74702090026083
246,19.67795753267319
247,18.339263628045728
248,18.806490029188055
249,16.493794438627862
250,17.569709501618057
251,16.119826452257225
252,15.425279615563761
253,10.318671941705203
254,10.453341563269596
255,15.86963441986494
256,19.13082065185227
257,16.012735246411598
258,14.643064060786156
259,11.849554832102939
260,12.140733804221833
261,18.287471288072076
262,16.685467681326028
263,9.546884034617925
264,11.87477300792267
265,16.38512930453304
266,17.845408025980344
267,14.963271993978692
268,16.990972323479554
269,3.044522437723423
270,18.09795709092849
271,18.909053240308054
272,17.645116728040065
273,18.24348815150459
274,19.340252072779037
275,13.308084150311487
276,16.454567959008102
277,18.915376991886035
278,10.044162121818896
279,19.19892380644542
280,2.3978952727983707
281,18.01250317544737
282,16.372954202519335
283,16.974636420889546
284,17.68934112937889
285,14.294391541639703
286,19.43924643243936
287,15.738527941589268
288,16.972962026313475
289,16.246796821821402
290,19.355600210458668
291,15.49578542718104
292,18.911974484327736
293,12.646663555613712
294,20.297743309945446
295,15.586024599560137
296,17.772935154733055
297,17.84956638257952
298,16.07345324294307
299,10.16800334695607
300,17.69855781174384
301,14.862829903121964
302,14.895701884397281
303,16.94604567176059
304,15.639075817627123
305,19.08219537429099
306,18.421548307510246
307,16.93693036636657
308,16.897434426745296
309,18.51808267089112
310,15.950795781547102
311,9.41336284529417
312,2.5649493574615367
313,8.74798740166097
314,19.67392947444627
315,18.54307761724923
316,18.58905855364331
317,19.471994209349184
318,17.140301980403827
319,18.04536155695986
320,13.527829818844937
321,19.025097924262674
322,20.09393911477868
323,18.90079633702756
324,15.55067004563534
325,19.50064220215159
326,18.572543101852677
327,17.925824511318414
328,16.837358577315488
329,19.76702671062315
330,15.536275331963976
331,15.579843159096665
332,12.755906459868122
333,14.986443818289482
334,1.3862943611198906
335,17.461159598811122
336,18.583640183911157
337,16.101310973068117
338,17.133720238602713
339,14.603968372873895
340,14.070152001143756
341,17.918614544171575
342,11.936957142652231
343,11.385103457032141
344,17.73845585737991
345,16.50207784487863
346,18.286189141902863
347,0.6931471805599453
348,15.009871415178806
349,15.072567721762665
350,18.617811878918253
351,18.569269252114584
352,16.066802461833923
353,16.140769837653075
354,16.12699334877976
355,12.884032581510246
356,18.596896087380177
357,20.485315424365478
358,16.494329937699998
359,18.353745614575473
360,14.966763998917893
361,16.08763654656639
362,15.473591195127717
363,17.06441218280972
364,17.91467536743917
365,12.959281936785658
366,18.433922316090445
367,14.312679958532774
368,15.024988978532582
369,17.976122286979745
370,13.9914140630552
371,15.226497775576945
372,18.334612954371355
373,16.177243606569082
374,16.648723960844016
375,16.67051969734624
376,18.425585535771088
377,15.440902524959313
378,16.784801674865335
379,13.629337594014155
380,18.956459923820983
381,17.94541611588955
382,14.508658238524095
383,18.04858973794281
384,18.42298641385148
385,19.252442883266216
386,9.392745258631441
387,14.112576464206395
388,14.570781001522658
389,19.092327559274295
390,16.18605659018628
391,16.104903313476303
392,11.747712961667485
393,18.681754868855283
394,18.09466773837562
395,13.71091641523435
396,17.288436425904866
397,14.467655519431158
398,18.13972078736932
399,15.872283216057143
400,17.882917436809514
401,15.607270193858982
402,9.018210874191142
403,7.293017679772782
404,15.91269697396319
405,18.648502415777546
406,16.462436137270892
407,15.71494271771246
408,17.51644308112212
409,15.22770728742975
410,19.026724485103248
411,18.8149935355119
412,18.3963280188437
413,13.781141655718015
414,19.00501442081376
415,18.824182946821935
416,18.063039447531153
417,12.830756278772123
418,15.341793792230327
419,15.424948670398354
420,18.833579619683118
421,17.529001304289
422,12.59999809380403
423,17.2052340994888
424,13.467371932904971
425,13.370942289793193
426,16.716789229746205
427,14.515100936471079
428,14.045034511154766
429,18.513043967561824
430,15.039368045043279
431,18.38049249648868
432,11.600304274448273
433,18.811675215602623
434,16.22523468411587
435,12.614400319251814
436,11.169293659693922
437,18.894321619141916
438,17.745137716991774
439,12.56350580195316
440,19.637313231262606
441,14.501943246692502
442,13.632471944146369
443,15.274125813221904
444,10.773713403281205
445,12.747777558534176
446,13.68242135327454
447,19.35337582964417
448,19.56857961323741
449,15.605542035073528
450,2.5649493574615367
451,14.39656740614163
452,13.82508557086972
453,16.344032258058167
454,15.148006911572613
455,15.406923593966312
456,15.607270193858982
457,12.737136095996991
458,18.303284218591255
459,17.050474118455163
460,12.224806073985954
461,18.81191537068431
462,18.95787755120781
463,18.65415341377658
464,16.54790039880016
465,16.748430872347726
466,19.413932520666354
467,16.42705543869944
468,12.672893088810888
469,18.561346451721565
470,14.32996817803923
471,19.94515018034389
472,18.980290851871658
473,10.043292972227004
474,15.687312888712007
475,14.293048855172811
476,15.668048362684408
477,15.266472884968403
478,16.914052501533895
479,16.62428299451444
480,14.077875591662238
481,16.056220353623207
482,17.391873648748355
483,12.142467022441203
484,15.020278546047788
485,16.554981968345718
486,19.04599632848393
487,15.059210870078317
488,18.50486423289969
489,13.320435244289515
490,14.360959033206688
491,17.962065982646223
492,11.102729182486163
493,17.447922115658578
494,8.896588071791218
495,16.286843753808267
496,15.096444681204078
497,17.60119121611687
498,3.258096538021482
499,19.975085660127846
500,13.516790456663609
501,17.767425013090104
502,12.664993208870557
503,16.385946299199293
504,16.27936388366082
505,9.283590833715776
506,15.713643479656406
507,18.444078919119985
508,14.985249927961366
509,16.444909682624868
510,16.077273760604726
511,19.08669988417386
512,14.731801689838349
513,18.437012472288835
514,10.886464497605314
515,16.866350521839156
516,15.607270193858982
517,18.633585569951723
518,20.525522511220068
519,17.156889319986288
520,16.716690969118606
521,12.809084483688698
522,17.17878147124361
523,18.625252917831098
524,15.955576839107596
525,17.0480920693441
526,16.67341657199967
527,17.548862893991245
528,17.909855136853043
529,17.457295941228956
530,17.399029524198163
531,12.329559384103236
532,16.087403426636573
533,18.653765232016212
534,10.746669812589644
535,16.048084475461497
536,16.76958799027744
537,19.62982800366314
538,19.977080276011176
539,13.34061819832552
540,18.670569987139285
541,15.894081720974466
542,17.50444283568302
543,20.64669511270673
544,16.811242881518265
545,15.76142084987672
546,18.477387649766793
547,16.60818213783989
548,18.218634900073557
549,12.380336828696395
550,18.398814807296677
551,18.46373591348011
552,18.768455473222875
553,16.220795460073756
554,18.37766199458203
555,13.304686600863562
556,15.400295672015407
557,16.927091107845406
558,17.647459781902764
559,17.44781024255605
560,9.688870050941352
561,14.285514812209815
562,19.096085876064585
563,17.415743043692466
564,13.743316138415787
565,11.302340226903391
566,15.882373444019521
567,17.423551959034715
568,16.69291037620854
569,15.176487367510099
570,18.23097059058031
571,16.6386465901644
572,18.13168233884811
573,16.119437250610915
574,19.17187237820299
575,16.846149058338817
576,17.704848246335715
577,15.86963441986494
578,16.336007862645143
579,4.48863636973214
580,15.899118159552906
581,13.041506838660105
582,15.202085379751395
583,17.067303307255134
584,13.895506803019979
585,19.552082858669273
586,15.29711532616119
587,19.55929109420119
588,15.424948670398354
589,15.553304745170516
590,16.01455325928874
591,12.366272137210531
592,17.61557345156137
593,16.229321233436963
594,17.301314800304574
595,12.273735966890268
596,16.86140139233913
597,18.425898925530607
598,13.956429222382813
599,17.57509222514142
600,19.69277172292949
601,17.914397687089004
602,18.58184228161053
603,17.794784035115494
604,17.08942967916541
605,16.213405921671733
606,12.34141177820761
607,12.970998480345193
608,10.36018428646371
609,12.51958692489043
610,15.14258317215344
611,14.500224780877835
612,15.920039268533248
613,16.647552569219172
614,17.179352187684735
615,13.917654606332812
616,12.04355959836804
617,18.579996058350766
618,17.11478155761295
619,15.419200180591716
620,18.996403593888584
621,13.637580544214028
622,15.22001068383845
623,18.73766787286272
624,18.255484622206644
625,18.80526264795146
626,15.543990624143886
627,17.191444728442306
628,15.635937169887706
629,16.334307312140215
630,18.51145614809536
631,14.220976332738882
632,17.220126024645715
633,19.616358398456935
634,17.611611582399007
635,16.819151922041353
636,17.41460974160228
637,18.831575756742744
638,14.151983508870947
639,2.1972245773362196
640,18.11898415194294
641,18.39471767141942
642,19.48107979206287
643,15.898317928880397
644,10.919460710183415
645,13.815511557963774
646,18.358805350872576
647,14.731801689838349
648,16.60667572712668
649,19.07536165829236
650,18.72078534381011
651,16.31961744776731
652,10.809768351780965
653,11.502885230075814
654,13.223473071106609
655,16.915602891887552
656,16.815227432441546
657,16.380459992348886
658,13.533479157021308
659,15.911690232247699
660,18.70217649048812
661,16.119787718604094
662,16.62690139614236
663,16.71213660583997
664,4.2626798770413155
665,2.3978952727983707
666,20.680775786368866
667,12.739379658445147
668,12.947900460451857
669,18.153832296547648
670,14.946912992035967
671,15.59046307836746
672,15.064015330340151
673,17.462955798940374
674,18.158444743258723
675,16.250144883225648
676,17.921454272504192
677,13.56374116906162
678,14.075516659534566
679,15.984564372619506
680,20.114960420300196
681,16.213405921671733
682,17.652925032133737
683,19.02659724347731
684,20.95666568259922
685,15.147348997279623
686,18.272581165891857
687,14.139377248910181
688,9.332115428902103
689,20.560746908625106
690,15.607270193858982
691,16.263131228460505
692,19.01191936067399
693,14.71194423706121
694,15.603812891512652
695,1.0986122886681096
696,16.811242881518265
697,12.489193079511338
698,16.021331524685905
699,18.642441876165456
700,17.472599919358508
701,18.405060002967943
702,19.277149303211587
703,13.122365377402328
704,17.908330057869783
705,17.42003820438765
706,16.48019393198267
707,9.5302475917227
708,19.144223973252547
709,16.15731646026544
710,16.067238051115798
711,15.293771560944545
712,18.606795057476084
713,16.134608854419294
714,17.188810705216195
715,17.00140535906508
716,16.7033111799883
717,16.50226371168064
718,17.303218760803343
719,12.154784614286667
720,15.312778377663719
721,11.048553945576122
722,15.81695866577395
723,13.859359965242536
724,20.3805324886088
725,18.086069804043206
726,15.233606592558036
727,19.204931628580656
728,16.628288634649774
729,20.030495457388053
730,14.508635738282216
731,17.852696729875838
732,16.233268260192208
733,14.48586903734373
734,20.746771595259897
735,17.887310437891223
736,17.216707972959764
737,14.453747384139314
738,17.433952526209612
739,18.88273927558276
740,14.805809085546088
741,12.905549749784988
742,15.267124619396817
743,17.48775689557179
744,18.183292580669043
745,16.800062969100857
746,12.42884012613866
747,16.22444386867783
748,17.346363974409307
749,18.253033759013107
750,17.73651923108786
751,18.545057910460734
752,9.968853855967382
753,17.89055518551908
754,16.15821768856588
755,15.607270193858982
756,12.179323043787461
757,18.913751873325314
758,10.091418348094594
759,17.20131646288431
760,17.02609248333909
761,10.988845725525822
762,18.064005814299346
763,20.091900257585234
764,15.990262393084793
765,18.711248987402776
766,17.02309147484047
767,18.615122116498355
768,14.631858958164685
769,15.248793699831522
770,17.035823389843156
771,16.71307863788823
772,15.594881775356612
773,10.794522012994118
774,15.014771177365066
775,15.860920280863349
776,17.718573602560923
777,19.620516319738698
778,17.191491972610017
779,17.83095564349742
780,15.011126440286628
781,14.314337889234494
782,19.620645529892812
783,16.937773803273668
784,16.334551851704283
785,13.546433009748837
786,18.064975472586333
787,12.443229549562735
788,14.66319220184003
789,18.372660350933085
790,18.095868561912003
791,19.21953838343285
792,18.108442610919898
793,16.209715028122222
794,18.354722655706016
795,16.83887044983559
796,17.329435670587014
797,8.440744019252831
798,11.104310400955953
799,18.993008516865622
800,17.89268613979564
801,16.455750687795483
802,13.02382398931465
803,17.283009530642506
804,18.72580973737815
805,16.42198381739754
806,16.7328683940079
807,11.840292085295026
808,10.399615695541534
809,19.20923473601128
810,19.71236129999276
811,14.151983508870947
812,19.31426303995494
813,16.860033043306743
814,17.55976241806633
815,17.92212664936252
816,17.534072593066618
817,16.906553056777135
818,19.269786486278605
819,14.692003770364362
820,9.129347212766652
821,14.77102238760702
822,18.952064362593777
823,14.038654909278163
824,18.459434636623456
825,16.587637673680156
826,17.97559193870378
827,18.826145858727198
828,15.798745393079741
829,9.330520532232288
830,18.896914929159916
831,14.962336018977219
832,19.740350874353872
833,17.997518089010597
834,17.403474491664277
835,14.082393827101265
836,16.88452674994725
837,19.752672922728568
838,16.637112871792674
839,16.09759687940995
840,14.907096553278436
841,16.253468759083212
842,12.821193417651726
843,17.118263305883236
844,13.827626858242851
845,18.733782454891035
846,15.79333996668061
847,14.787419139841276
848,16.705882371415992
849,15.955576839107596
850,17.687294128318122
851,14.529700283079698
852,11.93663643368632
853,17.415875988498644
854,14.695798912282914
855,13.695634082591248
856,16.118095750958314
857,19.764216697852003
858,13.232116033476537
859,15.899754176196392
860,16.508966580222893
861,18.395803382546983
862,10.184484831459187
863,14.787387357077975
864,13.359922522952848
865,16.061322421748777
866,15.894952224644102
867,11.819630449054214
868,18.502628515838193
869,17.147715103853763
870,15.623970953759455
871,17.701600201891367
872,14.94911540294601
873,16.155623393383497
874,18.802520778114623
875,17.730711408689118
876,17.55700262328447
877,17.46622960260426
878,15.08876051336589
879,17.688078821256493
880,13.88559896246906
881,20.748437467472296
882,18.820914566046213
883,18.16292416378467
884,16.723231008795103
885,17.719083360784023
886,5.726847747587197
887,17.81529871455624
888,19.725613316335362
889,16.388298039989454
890,15.910529268132212
891,17.452116632300683
892,12.865533768435313
893,16.380459992348886
894,18.420881653768635
895,15.509092540589954
896,18.553416740333148
897,16.729598896731225
898,16.6265498050115
899,16.759949589762293
900,16.640667062087278
901,10.86216705090207
902,20.48327622672714
903,16.46415591801492
904,19.123907519287766
905,18.346210904794216
906,20.804789693331283
907,18.67143328329213
908,14.748286656398266
909,10.331007651425123
910,7.75833346749091
911,14.215979204521616
912,14.53575818166989
913,17.72889885096305
914,15.341567078850604
915,17.937794505083072
916,17.16371576436114
917,15.113645610746113
918,15.444751293772967
919,15.158957176203828
920,14.802639923524481
921,16.270151710026955
922,17.380769288982872
923,12.16068817539557
924,13.653297464046972
925,11.227161551674351
926,18.38628286222875
927,19.102198585112838
928,6.464588303689961
929,17.56184684527556
930,17.889581236866515
931,13.377216426264779
932,18.88476544711433
933,18.979280736141934
934,18.960326380617396
935,15.254364161820856
936,16.454567959008102
937,10.542310534365473
938,7.569927655242652
939,14.616166395273979
940,16.757231425356963
941,20.44690580890392
942,15.349211695542364
943,17.14855628564537
944,16.240459290722136
945,17.591731846960617
946,19.44575904442439
947,11.733618015033397
948,19.520626919264668
949,15.952686312957498
950,15.92585368926341
951,16.815235898603987
952,13.815511557963774
953,18.10931893311324
954,14.499872258968276
955,14.421214631989164
956,14.079179355773398
957,14.20690581496875
958,18.777314073025213
959,17.991263018639696
960,18.234687554958814
961,20.65494331001405
962,18.76715299194654
963,13.601742915128543
964,13.733811228850863
965,17.410089250140206
966,17.22434463900149
967,16.5315051189084
968,18.911734995933717
969,19.43035396246004
970,16.118095750958314
971,19.57756238728523
972,18.072540716627778
973,18.1833729010107
974,17.312018149733785
975,17.486735102284783
976,17.49078356276184
977,16.375509296694656
978,18.019849652186014
979,14.598977304085512
980,18.328443802908396
981,14.372184308061719
982,16.310257136471748
983,17.934373180958097
984,17.648850507639814
985,10.98259416981229
986,16.79805708033287
987,16.975508269980974
988,18.714060956126733
989,14.331745723738806
990,16.446377509243835
991,10.813116141536733
992,14.979286484843557
993,17.173952027681665
994,17.999017440571123
995,14.240920113377046
996,18.15931599280497
997,18.459051769300107
998,18.91801902910162
999,9.787459226476006
1000,16.44583954907521
1001,17.55484547933661
1002,16.873490370985255
1003,14.42596122094344
1004,15.258929776805557
1005,18.836054307449473
1006,3.4339872044851463
1007,4.110873864173311
1008,16.784491072841
1009,17.849840855813934
1010,18.762821129082944
1011,17.539046696069704
1012,18.563485244354386
1013,16.940091703233236
1014,13.771810467362723
1015,16.860033043306743
1016,18.55896430710677
1017,17.182806422433504
1018,17.666551398915225
1019,15.651670252203242
1020,18.288291567322144
1021,18.497641794347754
1022,17.601011558937508
1023,16.80673282671842
1024,16.813496091021296
1025,8.339978571990427
1026,17.134604716102977
1027,15.683148847135826
1028,14.391220143196454
1029,18.874219543751828
1030,16.865150687458982
1031,16.224781787592285
1032,17.511042410726287
1033,17.19088928829233
1034,17.476536144858613
1035,17.220964334976603
1036,12.807482755122575
1037,17.373091610187423
1038,19.31931185457173
1039,10.719980048331397
1040,15.510392135836831
1041,18.54295926862797
1042,19.6661367817319
1043,12.709876675502672
1044,17.45666610300672
1045,19.584286743893294
1046,14.234087331271933
1047,18.150001264710504
1048,17.10720466941345
1049,19.201566768500314
1050,17.208743373170762
1051,16.676998727832682
1052,16.17083268265543
1053,13.74120933636985
1054,16.516832709750126
1055,6.26530121273771
1056,11.585804110382801
1057,19.048551824763834
1058,13.918484929042098
1059,19.068756800631398
1060,17.59934174128316
1061,15.977962744784598
1062,7.247792581767846
1063,20.43399177528534
1064,12.203253675966376
1065,19.556308190323495
1066,16.075619372197448
1067,17.748885284340876
1068,16.068731336996436
1069,15.537689304383212
1070,15.735309617437668
1071,17.571505545802186
1072,15.815653042477315
1073,11.726592253280312
1074,16.118095750958314
1075,14.500959684390562
1076,9.61587214452889
1077,16.92776266967652
1078,16.479051488781508
1079,15.741342481749776
1080,18.20917215568155
1081,18.604726879471862
1082,13.800405041948656
1083,17.78523655669983
1084,12.445841231917951
1085,13.315781472591008
1086,14.01548128123031
1087,18.10293406656242
1088,15.289700863062368
1089,17.170376944221324
1090,17.422892903526275
1091,13.989138602111412
1092,14.941381919142824
1093,19.31703980116409
1094,19.084237931934354
1095,19.679692817483186
1096,17.08623787539843
1097,18.197537205138154
1098,18.53707182462208
1099,17.51903231345169
1100,15.030593910919471
1101,11.69458013277648
1102,16.514142883100718
1103,17.312436395577453
1104,15.022288823301768
1105,16.558289217649282
1106,14.648420115681892
1107,15.9381176658537
1108,18.553274569698388
1109,17.604160344235286
1110,14.921306978845791
1111,18.681471116655594
1112,17.923851906549967
1113,16.731641080775596
1114,16.32963606548784
1115,19.038234786969323
1116,17.45762594523667
1117,18.764765793723765
1118,18.496525393636873
1119,17.37904754137928
1120,17.28817763458548
1121,17.268189779571482
1122,17.903382367044365
1123,17.963825526243895
1124,19.828195939472458
1125,18.47117005423129
1126,21.14168528147379
1127,16.455331239009823
1128,17.196505266322514
1129,14.86292217953374
1130,18.657628016029776
1131,14.144938757793973
1132,19.257429135281804
1133,16.261382503964846
1134,10.596659732783579
1135,17.421008430313073
1136,17.740905341345027
1137,16.54987813231892
1138,3.4339872044851463
1139,13.003802789532555
1140,19.250977767018743
1141,2.4849066497880004
1142,15.925474515131151
1143,16.163308089359315
1144,9.612332790605375
1145,18.252263547947646
1146,11.991709186151144
1147,14.37588662824039
1148,18.67565524819815
1149,14.827211828243025
1150,16.04013421759671
1151,20.38036668527991
1152,17.742422195590603
1153,11.012743001302718
1154,16.620049698406184
1155,15.48941080113353
1156,14.375247481419636
1157,15.808767517129347
1158,18.97788649866075
1159,18.80820383914737
1160,14.785015178703096
1161,4.804021044733257
1162,17.25152921378325
1163,14.566924288154848
1164,17.802619625631475
1165,17.364753190625102
1166,15.955576839107596
1167,17.238416853378645
1168,10.397848372270873
1169,18.286059065753903
1170,16.22507008355129
1171,17.819552916178502
1172,14.801829465213313
1173,10.249980838867721
1174,15.364544324275387
1175,15.631928818072542
1176,17.034596680718323
1177,18.380961942773837
1178,16.213405921671733
1179,17.021896872590123
1180,11.519503780330352
1181,19.21922878085644
1182,19.391157270698248
1183,15.932159007606012
1184,19.542901594425427
1185,13.605352331207383
1186,13.430178904775737
1187,10.704748953825517
1188,10.453485811376591
1189,14.518113392589552
1190,2.0794415416798357
1191,17.64609111654092
1192,17.97839366181448
1193,13.302425717422175
1194,14.33161323356795
1195,18.36815395227763
1196,18.224065229562385
1197,13.649107624892252
1198,4.454347296253507
1199,12.939639339625767
1200,17.76141864426579
1201,18.07832190523624
1202,16.648723960844016
1203,18.664931295028406
1204,17.374122686585864
1205,17.73241564660661
1206,15.45488331843069
1207,17.7644634623256
1208,19.18127288193152
1209,18.241050039565618
1210,18.13898654833027
1211,13.677718673749569
1212,16.401013693418502
1213,14.82501982914165
1214,12.281073433291116
1215,16.11108070364834
1216,16.412114503542934
1217,19.615947901863972
1218,14.98447785665394
1219,14.074935892620566
1220,16.83916573329721
1221,15.787578308706985
1222,20.14318373016529
1223,18.204362186789716
1224,18.773709736480477
1225,12.314944987501116
1226,16.13066225934108
1227,14.603968372873895
1228,16.647220419415557
1229,19.187467450891013
1230,19.080042578153495
1231,18.51097141982577
1232,13.06894994236925
1233,16.861568387798307
1234,19.04361404361095
1235,15.849554287436678
1236,18.199462101312164
1237,15.317805700802445
1238,17.234986366703712
1239,16.02798919825047
1240,4.844187086458591
1241,17.772391874615497
1242,17.47375769682771
1243,20.38973904663613
1244,17.59808372701597
1245,14.822007923221587
1246,17.511170373387685
1247,17.231530901360948
1248,18.389086862040205
1249,19.854934957961998
1250,15.51589660484633
1251,19.505870015666712
1252,16.670942466719765
1253,10.955235321790287
1254,6.003887067106539
1255,17.494300508791007
1256,17.607644168417995
1257,12.730247766925578
1258,15.629182355607862
1259,12.94553550266739
1260,14.94669167729647
1261,16.29028664982585
1262,7.9966538754626075
1263,15.34750052674445
1264,17.2724629673287
1265,10.247396354945186
1266,18.041048222807053
1267,10.746971004451137
1268,17.058298827756545
1269,15.290502602626026
1270,19.46497446846993
1271,9.609452006112171
1272,18.443153606915534
1273,16.64454601030164
1274,15.96883700227682
1275,17.034386422832473
1276,10.602616804773621
1277,10.62699418560542
1278,16.62218060738582
1279,14.616666943305953
1280,16.770660079210643
1281,3.8501476017100584
1282,15.607270193858982
1283,12.7657084332656
1284,16.891230260740898
1285,17.540775170381426
1286,18.029749909705362
1287,14.768712029363464
1288,15.99531720900997
1289,14.077875591662238
1290,16.325802425964444
1291,17.118273531164952
1292,16.231694567606688
1293,18.83385930673292
1294,16.862366176465226
1295,18.292700270714462
1296,17.312028361802543
1297,14.029073158196208
1298,15.542604031263526
1299,10.526373200055406
1300,18.577519205598588
1301,12.229110230781453
1302,15.063786905181399
1303,16.077273760604726
1304,13.734273387203652
1305,17.0635185309633
1306,17.981211720308828
1307,11.881961692464705
1308,15.109414098800023
1309,19.727202096859884
1310,9.798182590890704
1311,17.160137623411405
1312,18.318199822724445
1313,17.709369613131347
1314,15.6626820280516
1315,17.07402489331168
1316,16.9033852264587
1317,13.120699994750135
1318,16.276408115675192
1319,13.112926994457307
1320,19.96928703327174
1321,18.674589103970472
1322,13.094009169347801
1323,15.020788310474844
1324,12.369181650898934
1325,15.197796395678468
1326,13.926981268304269
1327,17.115857276316813
1328,14.133039497958922
1329,14.479447235619418
1330,15.90737474309945
1331,14.113945609358074
1332,20.544494644941985
1333,9.648917831534549
1334,19.24405432604051
1335,10.34177474101152
1336,15.89769844996932
1337,14.77102238760702
1338,15.771417854315745
1339,15.338993335388734
1340,18.040150438616358
1341,19.094209592332742
1342,13.922819374450855
1343,16.82400978601961
1344,9.218606116393214
1345,18.821438804607354
1346,1.791759469228055
1347,18.95044250207087
1348,16.504571940538103
1349,16.549559055466005
1350,15.46416937585933
1351,17.21362606218365
1352,16.25490445449953
1353,18.448490532123238
1354,6.0473721790462776
1355,18.904605541267387
1356,10.12667110305036
1357,13.2075809798753
1358,18.43359697909058
1359,15.107314553140606
1360,13.815511557963774
1361,10.716659698193956
1362,18.862447436906677
1363,16.118095750958314
1364,16.77564073128088
1365,10.947749246454157
1366,13.294102470257755
1367,15.76142084987672
1368,16.012735246411598
1369,17.707330876483063
1370,17.727684492002126
1371,14.467417948406203
1372,9.75718929491883
1373,14.560565893846038
1374,16.365213976790987
1375,17.54426993098455
1376,6.828712071641684
1377,18.923485208057233
1378,15.725778577377165
1379,16.694965499221425
1380,14.285514812209815
1381,17.034386422832473
1382,13.673618598712949
1383,18.998011609217937
1384,18.703416124171266
1385,13.785893264012122
1386,16.061620321410224
1387,19.14194792032347
1388,10.370204536676056
1389,18.925178102418712
1390,18.036579484975572
1391,15.515713609864482
1392,19.970841767220247
1393,18.833887726265555
1394,19.15858292501492
1395,16.98533516259087
1396,18.81975557097019
1397,13.873833238227409
1398,16.740091560934392
1399,17.95527801829878
1400,19.664444665066647
1401,19.17209683735327
1402,16.255459502820248
1403,17.607677786090477
1404,15.733023731025044
1405,17.42356561980219
1406,15.277535805742291
1407,19.20281446582997
1408,16.99266410818165
1409,11.590663981571742
1410,15.068446654329291
1411,18.043400373131508
1412,18.50029033015003
1413,13.170522866549593
1414,18.00143454634538
1415,16.829780050680036
1416,16.67947981724781
1417,18.99164429605991
1418,17.084280737159514
1419,13.980751230157718
1420,14.187036872323969
1421,10.679872331666129
1422,17.863536065309898
1423,17.234924211286376
1424,15.87486086570504
1425,19.784425751123838
1426,18.490174147485583
1427,18.601102438817687
1428,18.176174782512966
1429,18.440483381052466
1430,16.982136926204312
1431,16.09381371652813
1432,19.139977562929715
1433,16.50630554036812
1434,10.079958695651907
1435,16.557641619109905
1436,13.910821646859095
1437,11.05066775845643
1438,14.715629630592108
1439,18.3200468844789
1440,16.48838991942693
1441,15.143911205565889
1442,13.002870130169445
1443,16.190922974860587
1444,17.36255648044295
1445,17.046804478129886
1446,15.975851440302819
1447,14.914123179965662
1448,15.450432769522246
1449,17.234048846563425
1450,18.29039203101183
1451,12.932303960437933
1452,18.003416863274765
1453,11.29665821759545
1454,17.270900026784847
1455,15.137913388602993
1456,15.731256154205347
1457,8.882669291308039
1458,14.924667720181958
1459,15.240948465798654
1460,18.440483381052466
1461,13.001248296646217
1462,15.685964287657903
1463,15.764588541273023
1464,17.834323740596982
1465,17.281246492014
1466,19.230737138497716
1467,17.8606704607139
1468,15.424948670398354
1469,14.091366476306007
1470,14.363632544508476
1471,18.44350712841693
1472,18.850504268976348
1473,19.35784730742505
1474,17.9514599761906
1475,17.43101410267039
1476,16.23975241846247
1477,19.238243184930703
1478,15.348944579048208
1479,4.836281906951478
1480,15.424948670398354
1481,17.588113414599178
1482,17.942999960628313
1483,18.195032571190854
1484,18.153928989511897
1485,14.847766140264016
1486,16.18915058160585
1487,15.659450153228423
1488,16.137737284903608
1489,12.902768522013861
1490,15.424948670398354
1491,16.913764085284082
1492,18.811238223485976
1493,16.441495819170076
1494,16.296070691990323
1495,14.583088265794304
1496,19.126086268071692
1497,17.469022127240645
1498,19.296812827909918
1499,10.411689738095404
1500,19.827385189985556
1501,17.104970318571805
1502,18.213321549153616
1503,13.804450621726684
1504,12.564453134200267
1505,16.61122536154677
1506,12.676366857552644
1507,16.589186439032684
1508,16.390436902435507
1509,14.983063227852856
1510,18.586731521625204
1511,19.73857322141759
1512,17.935339419310246
1513,14.305218770484345
1514,17.783573933565524
1515,18.255639990268435
1516,18.91336276959192
1517,16.454567959008102
1518,12.50552517358087
1519,11.32302324743582
1520,16.866411419745443
1521,19.312035658464264
1522,12.400820837540556
1523,14.420563411719694
1524,19.311190348218577
1525,14.706278742947841
1526,17.970978613624098
1527,14.631150996977022
1528,16.86128416502975
1529,13.892218789368938
1530,17.6743437559709
1531,19.061019973084402
1532,17.899626889722686
1533,15.603765894885614
1534,11.856430059355572
1535,13.61698644583162
1536,16.588250581257473
1537,15.76142084987672
1538,12.253418910636032
1539,14.380399845099474
1540,15.367254948707872
1541,1.3862943611198906
1542,17.198408216403937
1543,17.412545766478708
1544,13.869324273420455
1545,17.755469009869756
1546,13.160691384521813
1547,19.021110848207137
1548,13.122365377402328
1549,12.346138889427015
1550,20.227530856167757
1551,14.256231478101249
1552,18.7217552362681
1553,10.01332801821566
1554,16.183527054607634
1555,16.769377063289042
1556,13.235817054899483
1557,18.774151020425187
1558,15.519704314769017
1559,16.06466523244168
1560,13.542236194213208
1561,16.790786622684195
1562,16.81019037788318
1563,10.32456350815844
1564,17.384637791975155
1565,18.708461614023502
1566,9.305741456739435
1567,16.91467588581532
1568,16.237119427688167
1569,19.294507346240206
1570,18.354540952131583
1571,18.253464706175503
1572,18.1462439114085
1573,13.788679811193267
1574,8.81001204797317
1575,16.26503973986169
1576,18.60069845726911
1577,16.588099342704055
1578,18.381824565948072
1579,18.611790454883504
1580,16.190416405561198
1581,10.158168529848494
1582,16.300417291085605
1583,17.16918035307033
1584,16.833751451175235
1585,16.331783679381708
1586,19.26364406234222
1587,16.559978894819782
1588,16.954621486565777
1589,15.034790015471593
1590,13.846276398432284
1591,17.789722720684708
1592,16.213405921671733
1593,18.341363418958522
1594,17.525550051007556
1595,11.538768634927747
1596,17.092230106238617
1597,18.01223619672028
1598,19.737257502281004
1599,13.454084344600055
1600,15.733689880155417
1601,19.18860696644833
1602,14.980757294779599
1603,16.665079244772244
1604,15.786195964278418
1605,15.574975975898766
1606,11.994054476999382
1607,12.392465071746688
1608,18.88926803316192
1609,14.472599898211024
1610,16.108259029639978
1611,18.458856777001973
1612,18.858060466193653
1613,17.4779330683456
1614,17.525321487279896
1615,19.166513406357026
1616,16.257857680289998
1617,15.079061413112814
1618,12.34148164933907
1619,18.198159061737478
1620,18.664414345797027
1621,14.289646263412433
1622,10.685560942290476
1623,13.039475125005794
1624,19.347761461991276
1625,18.116361260816948
1626,13.199607711742482
1627,17.1618997383427
1628,17.532947293547736
1629,12.048441750105175
1630,20.220643381670232
1631,17.357448649229443
1632,16.76050653987062
1633,18.712971711610855
1634,19.11473831498112
1635,16.401287356787144
1636,14.344546365290102
1637,15.239156338118397
1638,17.224385094712755
1639,18.175389329424814
1640,17.034386422832473
1641,14.047416407968154
1642,19.623686287632513
1643,19.55612926091723
1644,17.357113790589977
1645,15.121905555303067
1646,17.391774240587754
1647,18.17292203517306
1648,9.239996256883693
1649,14.807995740923175
1650,11.058228094981839
1651,16.901579116536617
1652,15.365357688984737
1653,16.243936534782325
1654,14.048167116796968
1655,16.300417291085605
1656,17.9426449591384
1657,17.707385650492025
1658,11.33139159786728
1659,15.917027876670806
1660,16.40139320042184
1661,17.39502298104581
1662,17.399029524198163
1663,16.55648689517904
1664,18.31956906695994
1665,19.278749462682956
1666,15.588334883523403
1667,13.298583022006815
1668,15.87355122583212
1669,10.97697004973177
1670,16.999613306662038
1671,17.025122283268747
1672,18.01752851407806
1673,20.727813923702396
1674,18.16599885929209
1675,15.79482715996364
1676,14.543448944340271
1677,17.030487753041818
1678,13.555063554376972
1679,19.328939308161516
1680,13.710151153416941
1681,18.215526375166277
1682,16.40154030823394
1683,14.446017148508732
1684,15.397487033148373
1685,18.88648984470036
1686,16.014067691497427
1687,14.356862864938435
1688,18.333345536353445
1689,13.032797467645143
1690,8.564267598802166
1691,17.920003055276915
1692,14.647329521674292
1693,17.553180200057167
1694,13.829341468431256
1695,19.22943668703796
1696,15.424948670398354
1697,16.889175668826017
1698,18.60368408494531
1699,18.584160359343638
1700,15.801518645188581
1701,8.9126079636709
1702,11.070194531669575
1703,15.167989829187798
1704,18.305967325945417
1705,15.792135706072557
1706,15.573368647930426
1707,16.673827563547654
1708,17.70055094473853
1709,17.842119208394493
1710,17.5702718025005
1711,9.139810605785655
1712,15.936829497030777
1713,18.432529123855396
1714,14.553171151368549
1715,19.728764786714194
1716,15.445095548168599
1717,19.307291206128102
1718,14.037652808143779
1719,14.846869532666103
1720,18.261838869324045
1721,17.818191830719616
1722,17.74872361992025
1723,18.939341177284998
1724,17.134583402560192
1725,18.64314280710626
1726,17.496185496901628
1727,16.199563557937292
1728,15.114357992711216
1729,16.380459992348886
1730,14.180154365996387
1731,15.404745967162468
1732,17.665658180950928
1733,17.344807971579257
1734,19.314838678511638
1735,20.63999291883943
1736,16.972832969823006
1737,11.7004086774697
1738,17.653554804428776
1739,18.62294699311418
1740,17.07665295265123
1741,12.002547881085116
1742,17.05342365849827
1743,16.85599944327004
1744,18.242981157378797
1745,18.176967083653235
1746,15.201805169084134
1747,16.742066318170178
1748,13.409114016206438
1749,10.171413246622231
1750,15.751869525067326
1751,16.45844336819393
1752,16.629211592578002
1753,9.936293504261306
1754,0.6931471805599453
1755,9.128804883993665
1756,18.30030422813177
1757,13.367661298303675
1758,13.48490845832673
1759,19.4379851379909
1760,13.297997623898429
1761,21.132888530970785
1762,18.59882693770404
1763,14.731801689838349
1764,17.11872756803093
1765,16.498678958581213
1766,14.212266517966517
1767,15.95956569608846
1768,18.152984955133523
1769,15.882373444019521
1770,15.76505651801257
1771,16.630919337267223
1772,19.386893380288626
1773,13.94040778321236
1774,18.12708945978202
1775,16.02535132652985
1776,13.25339339419516
1777,9.496195777086555
1778,16.67819812044506
1779,18.076879350557753
1780,18.5159909328476
1781,15.538711347144917
1782,14.081863779032187
1783,20.240058313088472
1784,16.121366894601774
1785,12.500352902010182
1786,11.4577720985022
1787,12.853877212283674
1788,18.468821192340297
1789,16.249433514556134
1790,16.80649960016107
1791,16.543255929609
1792,15.937703950792574
1793,10.144942423621591
1794,16.18148219632652
1795,14.508658238524095
1796,18.36938746009113
1797,12.248121087656004
1798,17.362970475402378
1799,18.02013233902537
1800,4.912654885736052
1801,16.039905110297322
1802,17.574072778865997
1803,9.643809676493944
1804,15.275752396216392
1805,17.325899208570732
1806,10.747121566370009
1807,16.193741197581204
1808,12.288583075102654
1809,18.914123212338037
1810,14.645719952954664
1811,19.89085659135181
1812,16.482315272108185
1813,17.672051973485328
1814,15.349177824460659
1815,19.150717682715072
1816,12.571801974528025
1817,10.425282789490705
1818,20.291556844485267
1819,12.657772273977873
1820,12.3020734958576
1821,11.037370455286156
1822,14.854558246128123
1823,12.061434081742114
1824,15.373655386537118
1825,15.567413365199778
1826,16.996817300186308
1827,17.313639834043514
1828,17.853534261381615
1829,16.799987729821712
1830,19.550331354719273
1831,16.09955818900285
1832,17.40302154535703
1833,13.99835531120043
1834,11.540355790018252
1835,15.801033101697403
1836,18.108358473203225
1837,17.379236880740756
1838,20.188985161495555
1839,11.841610315599914
1840,18.584767316056137
1841,15.672627900069568
1842,17.14413728263389
1843,15.50289310172511
1844,13.86064356669511
1845,16.50315435753532
1846,13.180724734084993
1847,12.254558001345497
1848,18.093158583641053
1849,16.705882371415992
1850,15.693169091346896
1851,17.468098442791344
1852,14.943960897906178
1853,17.737576088015413
1854,16.749561504710716
1855,17.009156858130588
1856,19.80713200276317
1857,14.40656133429818
1858,15.775041943896007
1859,17.303709669347302
1860,13.247650630303436
1861,20.387466576026245
1862,18.005195678317154
1863,15.020950984805237
1864,19.016583462189143
1865,18.26099892721786
1866,19.826233500968055
1867,16.650950128021822
1868,20.261487314180027
1869,18.425560339338922
1870,16.15731646026544
1871,19.18798289806145
1872,16.118776119387157
1873,18.096165710197592
1874,0.6931471805599453
1875,18.042560995081548
1876,13.518315379062804
1877,17.536283974060265
1878,10.879687356164176
1879,19.341647756960775
1880,19.94534380777439
1881,16.823177775881014
1882,16.842883106767776
1883,16.6567681075277
1884,3.1780538303479458
1885,14.244405042090968
1886,18.70910896546569
1887,13.259227211273501
1888,16.213405921671733
1889,16.396052486221453
1890,12.677313009703903
1891,11.73927188163082
1892,17.507025112150426
1893,15.607270193858982
1894,13.65289280005372
1895,14.914123179965662
1896,18.06147689073069
1897,17.81554445903015
1898,15.685487223479562
1899,12.782582071848532
1900,19.39900687050537
1901,12.43344325025266
1902,19.256565669574005
1903,15.384143350735737
1904,17.727505843008213
1905,16.551770950075188
1906,12.208105577722524
1907,18.538130470734185
1908,18.842202655516658
1909,13.980179724045533
1910,19.73503557054199
1911,11.124641905070824
1912,17.040280458590782
1913,14.25309171357271
1914,16.374591731262836
1915,8.149890544402423
1916,17.496185522107584
1917,0.6931471805599453
1918,16.539464094649816
1919,14.53027489503667
1920,17.288974088092335
1921,18.27406264123244
1922,18.078190449090098
1923,15.607270193858982
1924,19.84439801805466
1925,12.648338875272852
1926,19.09011294925379
1927,17.9426449591384
1928,18.58381233723335
1929,14.37467024190008
1930,18.903669753279715
1931,17.745219461801778
1932,17.763959528719727
1933,18.9688021582424
1934,17.90095355185615
1935,18.631708077452714
1936,16.45823152539814
1937,17.042205731884607
1938,16.821757112232703
1939,16.9428153317653
1940,16.99556243255839
1941,13.910821646859095
1942,9.212238569259263
1943,17.07958083302083
1944,16.834538517641516
1945,13.47624743042756
1946,15.21911105037286
1947,16.846583527129358
1948,5.3230099791384085
1949,15.717618233614914
1950,18.263054601696076
1951,14.781825739582974
1952,9.604879339950793
1953,17.27808525065028
1954,17.72797266697233
1955,19.309559904114614
1956,13.997832948091215
1957,18.602555192474977
1958,12.872629413816588
1959,13.122365377402328
1960,18.299022505637886
1961,10.47607597368035
1962,17.56847804113446
1963,18.451923913258685
1964,8.91018077801329
1965,15.886921566050344
1966,9.36314729221994
1967,17.07086186975954
1968,19.15341494556666
1969,12.746482313937562
1970,15.830413711839864
1971,16.15393613834933
1972,19.844850379875297
1973,14.567134172283073
1974,16.811242881518265
1975,12.883641613376785
1976,17.7686580593545
1977,9.112727543109182
1978,17.223322879257925
1979,16.901476465623524
1980,15.301102819170872
1981,16.9528379187432
1982,19.064945967880078
1983,15.245087803130414
1984,19.236005640510694
1985,11.56264852718826
1986,19.69563115766929
1987,16.39574572072188
1988,16.88294739637253
1989,15.59046307836746
1990,16.692952304609978
1991,15.684569899807476
1992,15.607270193858982
1993,15.335248245330957
1994,17.67132297786832
1995,19.27792703985855
1996,18.055561259317784
1997,17.607217682790726
1998,18.602508979083197
1999,17.118739185610078
2000,16.64448776578085
2001,14.03922434666224
2002,17.89673256146788
2003,16.768625528478992
2004,16.528317096405797
2005,16.73820283502931
2006,16.244580713908604
2007,14.774861162440565
2008,11.704619628010848
2009,12.73762106134617
2010,15.913979671760645
2011,18.066858883241053
2012,18.765834324141753
2013,11.518360667460168
2014,19.78677417071235
2015,18.72816545105327
2016,17.1598366610298
2017,15.912151955412375
2018,20.466214652041472
2019,18.05405971558002
2020,15.563250042604086
2021,12.469801363323091
2022,17.64894890890919
2023,15.88207529835043
2024,17.358224226297313
2025,17.054728198074038
2026,16.166856767086813
2027,14.786611771664237
2028,16.951004817371683
2029,17.39244134211186
2030,18.54194500200539
2031,15.201805169084134
2032,3.258096538021482
2033,16.543971240797404
2034,18.83963041201018
2035,20.125428838008972
2036,19.688298359551155
2037,11.775297421715827
2038,17.596241262130825
2039,16.129404860098237
2040,16.038458219482624
2041,12.479612689225197
2042,19.520053027084842
2043,17.18317935287344
2044,19.734243302485748
2045,18.55748863174935
2046,15.495034264427845
2047,16.131011974941543
2048,15.68044784069211
2049,18.75575449600687
2050,16.92858310250217
2051,14.217235346456714
2052,19.769493405757515
2053,12.46251556724531
2054,15.201805169084134
2055,17.860247964870545
2056,19.468619693389428
2057,12.38795660659308
2058,19.666085792078583
2059,15.962027517324243
2060,17.296240086216603
2061,18.9020833881125
2062,19.480206399544723
2063,15.741378773949208
2064,11.768466504089593
2065,16.328569924831857
2066,16.855664802340982
2067,17.65433953654035
2068,15.226497775576945
2069,11.870606902224587
2070,16.2022628872114
2071,16.569465176168567
2072,14.415583108016431
2073,17.709597733744726
2074,12.911113811377081
2075,11.224162808898203
2076,8.421342865759403
2077,14.222165624457713
2078,16.659584302036347
2079,12.479913113434042
2080,18.402369949919375
2081,17.72346829136011
2082,14.734376770439196
2083,15.163073186360466
2084,15.581074740318925
2085,16.213405921671733
2086,16.30342517926658
2087,17.600387387527693
2088,14.859667012825
2089,18.197019558688815
2090,2.9444389791664403
2091,16.908563625047098
2092,12.03279605937944
2093,17.046435065061164
2094,14.84600816085603
2095,9.217216675915616
2096,11.753924651381595
2097,20.30016293085726
2098,12.1164651743295
2099,17.905756766730438
2100,16.773326715008597
2101,14.102366289090085
2102,18.872398488316378
2103,18.490369078881876
2104,10.729941100404298
2105,12.962722654833431
2106,13.91423127889216
2107,13.71993314245567
2108,18.899715587486085
2109,13.12786620901619
2110,16.300417291085605
2111,19.70669168191842
2112,17.024753697124744
2113,17.034386422832473
2114,17.451265199379225
2115,19.305668873609182
2116,19.037273792177565
2117,1.6094379124341003
2118,16.11920014078481
2119,14.668286671000613
2120,17.909855136853043
2121,18.897074171137636
2122,12.024406873662272
2123,17.638529700903078
2124,18.160201911939502
2125,18.91847016648098
2126,20.57640733676449
2127,18.352135829260643
2128,15.940592785600137
2129,9.545669097895317
2130,18.177063338869882
2131,18.675322970077882
2132,18.42033822529955
2133,16.221335218996053
2134,19.52015091786501
2135,20.76796555425219
2136,16.263685620819057
2137,13.852166446303093
2138,16.08763654656639
2139,18.471382451386855
2140,15.27225546098653
2141,18.24663465482481
2142,15.405765854855177
2143,16.535443413199076
2144,13.220001753944985
2145,16.926055950222928
2146,12.106848817385073
2147,17.32392953240539
2148,16.938186667508713
2149,18.74463975137178
2150,15.181533842082553
2151,16.43076460977087
2152,16.828206235954667
2153,13.160054074525956
2154,16.08902733141047
2155,16.801192546169812
2156,18.1424926209999
2157,17.772266269103728
2158,17.365369409842533
2159,18.15382877076661
2160,16.687441207942623
2161,18.846491488763156
2162,17.460718231605874
2163,12.132958794458919
2164,18.4319575214188
2165,16.125745416747765
2166,17.913337964702674
2167,19.707154971447483
2168,14.731974074910228
2169,16.98519618065851
2170,16.566377179396707
2171,11.18310108232048
2172,18.705859693704824
2173,16.066802461833923
2174,10.534732733279633
2175,16.668317222523104
2176,15.17592284937006
2177,17.928693737222304
2178,17.916960483863072
2179,17.134872526015407
2180,18.87062209607082
2181,17.59008970418523
2182,17.290176624146017
2183,13.73021407334219
2184,16.705882371415992
2185,15.788396425624528
2186,12.07911389143095
2187,14.976503729241156
2188,14.498778600136808
2189,14.978661680269907
2190,14.635290829986122
2191,17.690676718100704
2192,18.870767046074146
2193,14.195309079323188
2194,18.351144206848897
2195,12.755054955034534
2196,13.558330532079594
2197,15.732433317205148
2198,12.095146671399466
2199,17.338605757203467
2200,19.450300164704952
2201,8.723882104658486
2202,19.02159902717763
2203,14.455386172858278
2204,17.153756496192294
2205,18.404653612892243
2206,16.719862798559333
2207,19.381248315968882
2208,15.717373576859732
2209,20.68348496797515
2210,17.194014684488234
2211,18.731102310705015
2212,17.287602189014883
2213,18.03313851222099
2214,16.204626220712008
2215,18.475264805321995
2216,15.548808470512812
2217,19.09760297907329
2218,15.851511967248332
2219,14.673262017169254
2220,15.92210704405938
2221,15.211901031389909
2222,17.72753358339242
2223,18.451859495503143
2224,13.192570178447227
2225,15.86963441986494
2226,15.894952224644102
2227,19.71036581328726
2228,17.846178005709312
2229,15.444617167157633
2230,16.027295396136854
2231,15.077722458649065
2232,16.970381095500485
2233,17.833402439813014
2234,13.556091950785353
2235,14.151983508870947
2236,15.921159539913223
2237,14.80575782195426
2238,15.576813568844734
2239,18.326370075470134
2240,13.25830935257674
2241,17.547083510242512
2242,18.70451078434566
2243,18.523954710279376
2244,18.261759745894384
2245,17.230320993456615
2246,15.301122513013116
2247,17.26001963227459
2248,18.45009257422901
2249,17.224217836295164
2250,12.337701604675143
2251,2.1972245773362196
2252,18.498078097297885
2253,12.634853809452926
2254,17.789416442682565
2255,4.61512051684126
2256,11.835016210489899
2257,17.709060604095804
2258,18.547255965923945
2259,14.419781715070492
2260,11.62385842567653
2261,15.332222249295459
2262,16.79618832901553
2263,8.982937763741589
2264,19.193629321534313
2265,13.122365377402328
2266,19.740064995273453
2267,18.320952525974185
2268,18.10974434674486
2269,19.476919821697035
2270,14.914123179965662
2271,15.14105122643845
2272,13.82344202059055
2273,16.89310397713858
2274,19.142194015756793
2275,16.89681203991584
2276,10.531402638158458
2277,12.585467525905154
2278,15.776164903737536
2279,17.26896016742367
2280,15.122824750882245
2281,15.893191801227545
2282,17.527634332497165
2283,15.177379020922338
2284,18.035018277846262
2285,13.998164559492354
2286,18.845494938614156
2287,14.220976332738882
2288,15.624111575471549
2289,11.17561888037753
2290,18.2820546812216
2291,14.338124426544764
2292,10.832832703483993
2293,16.835830316631718
2294,11.90187493770046
2295,8.567125560164447
2296,19.052661434349236
2297,19.50970728579847
2298,12.100400970356135
2299,19.391907295755736
2300,15.916780247716764
2301,13.920381253679897
2302,11.087298465038112
2303,17.790827579204386
2304,19.782922929171022
2305,17.76058532609971
2306,17.533027078972605
2307,14.035562936523052
2308,14.060338885788688
2309,17.09600819199818
2310,15.882373444019521
2311,17.971787905591434
2312,14.95269783853205
2313,18.560066093686284
2314,13.029844498293022
2315,15.517217667461713
2316,17.587241793683546
2317,17.550688789605395
2318,17.31830438003305
2319,15.087018451729053
2320,16.868122284229955
2321,15.405765854855177
2322,20.839934471443975
2323,8.97979449089521
2324,18.700389753342996
2325,18.968880241898542
2326,20.478787534733844
2327,18.110434906971
2328,17.22841359368449
2329,15.388284693495642
2330,11.306909397316609
2331,17.37250574790681
2332,11.626227364204203
2333,18.530295290376944
2334,16.946504619894142
2335,12.481448050647218
2336,18.007172783646354
2337,15.939324185127765
2338,18.42918204527112
2339,15.775605482856605
2340,17.195117092417636
2341,18.099477681884736
2342,15.48886198375927
2343,14.690979711984754
2344,16.694709071442087
2345,16.38220892348066
2346,17.729531586015174
2347,19.256623486892735
2348,15.476030862547612
2349,19.905249401176558
2350,17.466298920661984
2351,19.62365305094772
2352,18.193361662231847
2353,16.380459992348886
2354,17.255271930774757
2355,16.98834780557324
2356,16.66147061056811
2357,20.312052517984124
2358,12.823064760068771
2359,15.612228546723362
2360,13.752679378489084
2361,16.300417291085605
2362,10.463760267504872
2363,17.886603108598578
2364,18.894441026880422
2365,13.585409106506752
2366,17.904842595113248
2367,17.138183789471675
2368,8.970304952991755
2369,18.85853353597199
2370,19.52262082603541
2371,17.164034851656115
2372,18.679504131523238
2373,18.2825726082847
2374,10.870566451242388
2375,18.376453039914907
2376,16.22245575637265
2377,18.34802226231797
2378,16.096861902096013
2379,15.621585240513024
2380,16.046020534230088
2381,13.111316585657553
2382,16.71276209580932
2383,1.3862943611198906
2384,6.51025834052315
2385,17.06951454058591
2386,16.892822864593636
2387,20.603002397881323
2388,18.376884288439136
2389,16.811242881518265
2390,16.118095750958314
2391,18.76565713892476
2392,15.808711516425713
2393,13.450859604345633
2394,18.812278009836827
2395,12.42276744829012
2396,19.13653816862999
2397,19.55044500522134
2398,16.82493925580547
2399,2.772588722239781
2400,13.442286573784294
2401,17.426428497635523
2402,18.952888634961454
2403,16.56861015751017
2404,18.85263286675618
2405,8.007700012884026
2406,17.990615846945577
2407,14.449340230811812
2408,15.299233081651394
2409,17.703546356944624
2410,16.738623911714075
2411,19.22565820652359
2412,17.617870114492494
2413,13.400809933462202
2414,17.93944583130394
2415,16.95978071761934
2416,15.662655063972718
2417,15.201805169084134
2418,18.5462035633915
2419,18.764605002302105
2420,15.226497775576945
2421,16.26448186518732
2422,15.663504319719236
2423,13.122365377402328
2424,18.11481065441951
2425,17.14990352885434
2426,14.103822931734438
2427,14.114124410183706
2428,17.35894267719439
2429,16.768234855730967
2430,16.118095750958314
2431,19.584362690804788
2432,13.27169331323764
2433,3.4965075614664802
2434,11.55701890248074
2435,15.190974986494789
2436,15.032313502903898
2437,19.601661151351784
2438,17.50648885795943
2439,17.081251571615535
2440,17.84636284265615
2441,16.48405199909837
2442,18.481813368478278
2443,20.364433350041985
2444,13.450944561402771
2445,17.286080010319385
2446,16.15731646026544
2447,19.259708436293465
2448,17.84726990787617
2449,17.42044566330906
2450,14.077875591662238
2451,13.168315231666112
2452,18.373635235984846
2453,14.464793099017449
2454,17.599700214609808
2455,20.1242796597768
2456,15.740779127901723
2457,13.283828952318906
2458,15.008106389266871
2459,19.408088194352818
2460,18.227904781801033
2461,12.388785792309427
2462,15.642039019199505
2463,11.575890874416173
2464,19.865736460320466
2465,15.751091688759107
2466,17.083177347001588
2467,17.53837690844526
2468,16.458017146326863
2469,18.177110404093863
2470,16.524538614143665
2471,16.455341374075996
2472,19.620423056352898
2473,11.92024219110853
2474,4.382026634673881
2475,19.738568030722654
2476,19.173913737668016
2477,16.7668206662367
2478,18.045687016704814
2479,17.85333594904609
2480,16.749367480991666
2481,17.750246696153447
2482,17.852959618840732
2483,10.797778044130617
2484,17.229942541320003
2485,19.708914198986903
2486,18.358228226927913
2487,14.896768799116474
2488,18.444313116638213
2489,17.507389135209007
2490,1.9459101490553132
2491,9.25674674479034
2492,14.866689112096186
2493,15.976510773045344
2494,11.505941131195783
2495,14.978661680269907
2496,13.313913882805624
2497,17.552108125616183
2498,14.645963623780561
2499,18.894669447232353
2500,16.80270438249071
2501,16.000168054853578
2502,17.155396880182252
2503,17.714744571751332
2504,15.191837408083419
2505,16.002776826637724
2506,18.14615260460978
2507,15.601761382430572
2508,16.4982311219524
2509,15.05476671883366
2510,13.184906158376668
2511,17.072319960289587
2512,17.740881107276284
2513,16.300417291085605
2514,19.074727046978456
2515,14.4315164011357
2516,16.31476963383084
2517,18.70510753120793
2518,19.12177778546214
2519,14.220976332738882
2520,18.322124206426327
2521,18.121395494249064
2522,15.594361232731508
2523,15.113453917925897
2524,12.889179591195704
2525,17.216799902064423
2526,17.33293860060213
2527,17.60760074109976
2528,15.830413711839864
2529,14.931307999040428
2530,18.277486345935618
2531,16.240371158114005
2532,20.74414980976988
2533,14.518117850229713
2534,17.809100554908696
2535,19.18197533669925
2536,16.468752592994022
2537,15.386524847484246
2538,16.52356082573315
2539,12.144872545658002
2540,15.102904326454833
2541,18.29351518349794
2542,17.362418847417583
2543,16.357622578823047
2544,17.571874860402925
2545,17.738436964682116
2546,18.28141868811311
2547,20.1877188273011
2548,17.49857315190249
2549,14.237483328445252
2550,17.278480106682462
2551,16.977587857166185
2552,19.33777115999389
2553,15.129748072702249
2554,11.937944803513554
2555,14.921027289348956
2556,11.907848533867023
2557,15.763036258456172
2558,17.69559003835841
2559,17.475545942854158
2560,16.30589327005027
2561,16.648723960844016
2562,20.75143619030186
2563,16.648723960844016
2564,16.723348446610046
2565,16.886714523383425
2566,14.880213019060388
2567,17.529082649058825
2568,16.458597543314475
2569,15.795412940297854
2570,19.538689469589396
2571,11.745234881108733
2572,19.444210230089364
2573,15.977732978180779
2574,14.99471770953247
2575,13.815511557963774
2576,12.142690788531985
2577,4.584967478670572
2578,14.603968372873895
2579,18.02307754984845
2580,10.723971981557268
2581,17.29847592737878
2582,2.1972245773362196
2583,16.024808952534
2584,17.665658180950928
2585,14.156419366999064
2586,16.33064205027566
2587,17.540742481133943
2588,15.175863839983704
2589,18.048397318976686
2590,10.707639291138985
2591,17.51094401261859
2592,11.96888721689079
2593,14.706701714449931
2594,11.10585907549509
2595,18.143366644502066
2596,13.641158361294979
2597,16.634336426289675
2598,15.795294872605988
2599,19.339567451364378
2600,10.06895961723459
2601,18.481493319869028
2602,13.195615697878253
2603,18.903106899369497
2604,16.466415568668516
2605,12.30725645086449
2606,18.991014087443567
2607,10.16203685698089
2608,15.770079822717813
2609,15.181412142684254
2610,16.220963562658415
2611,18.251452605017622
2612,18.689076000754262
2613,16.00022881179052
2614,18.101851956258905
2615,16.28349287917721
2616,17.874503776690926
2617,20.232078482199277
2618,19.60792560920004
2619,16.810502407472022
2620,18.420680753952364
2621,17.17356697364686
2622,10.53587572725051
2623,18.315590114094313
2624,19.346661380692577
2625,10.873546513618466
2626,17.84063583021155
2627,17.956771959349123
2628,13.985914717163867
2629,17.303173790065728
2630,16.705147712772316
2631,18.686752504079443
2632,17.325979895617994
2633,17.444238016056605
2634,15.083713992284167
2635,16.925651112423598
2636,18.0338213559562
2637,7.742402021815781
2638,19.054298782126615
2639,18.02188333226833
2640,17.051608900192058
2641,15.634693865936184
2642,18.402108991618697
2643,18.421443882687914
2644,18.6130712549265
2645,18.1462439114085
2646,15.866832678496397
2647,20.359009917029358
2648,18.871594299225492
2649,14.778685257416596
2650,16.001561947061912
2651,15.732433317205148
2652,16.213405921671733
2653,17.808475872457105
2654,17.921885217518216
2655,12.844415110715685
2656,19.00998916151247
2657,17.129696599000436
2658,17.040251390004165
2659,17.064111578996773
2660,17.23229978590991
2661,18.42592131812456
2662,13.122365377402328
2663,18.493905582687113
2664,17.835623766062437
2665,18.086953057605104
2666,17.816902986338455
2667,18.48244967080199
2668,18.818576180920275
2669,19.66217986714061
2670,10.01104066270085
2671,16.46895672707244
2672,17.23441733188234
2673,12.613715380886113
2674,14.646428133868042
2675,14.43759451104287
2676,15.483217567201578
2677,16.78674525115787
2678,13.89428292062962
2679,16.9534849999362
2680,13.781828637340341
2681,14.347546641095073
2682,15.201805169084134
2683,17.866764373437423
2684,15.274125813221904
2685,16.65414763752762
2686,11.721426333547486
2687,12.875592895458963
2688,14.781433004566741
2689,18.084998810958957
2690,18.050423925365973
2691,16.422339000259946
2692,17.52672849001307
2693,17.3257512056269
2694,18.154851496358333
2695,16.118095750958314
2696,17.126053607854647
2697,16.213405921671733
2698,14.685601527678822
2699,12.169496831545318
2700,17.126414455137024
2701,15.745886241007346
2702,17.363461816143673
2703,16.173663650760066
2704,16.593935466489356
2705,15.503898273376775
2706,18.398827184932795
2707,16.665776615666065
2708,15.737497676796155
2709,18.923473274649698
2710,14.946912992035967
2711,17.747336210296442
2712,16.736739573557095
2713,17.859596448287082
2714,12.283806536089383
2715,18.04521275463237
2716,10.81178643448073
2717,18.52501265077346
2718,14.20336144247318
2719,18.359457382927378
2720,17.37516251581877
2721,11.72407740343206
2722,13.31123675738684
2723,15.087133973348548
2724,17.30354706844886
2725,11.537344869510973
2726,17.454630698435103
2727,12.053859254613032
2728,13.379660981846378
2729,20.02774566105883
2730,18.575117105825765
2731,19.443202791428
2732,13.093496715578334
2733,17.688651602456126
2734,18.395896649927696
2735,16.271450528504637
2736,9.727704572581755
2737,20.59619877401982
2738,19.041546039430866
2739,20.263516798004815
2740,18.905330573307417
2741,14.818074027434468
2742,18.42978364653267
2743,17.831813647594327
2744,17.382923459972282
2745,13.365732995763217
2746,17.720061315553693
2747,14.510567413932861
2748,19.057340172787065
2749,14.404968048481777
2750,16.522226936587312
2751,17.194980396868644
2752,14.985379065925283
2753,16.9476032997818
2754,16.830162520119163
2755,17.007316271229797
2756,17.54355858444911
2757,12.67384253182868
2758,13.634387882225147
2759,2.639057329615259
2760,16.409313614771794
2761,10.785166135492588
2762,16.930818038054394
2763,17.11333862539576
2764,14.053263668062044
2765,16.2996170543816
2766,18.8426774097469
2767,18.729270972084446
2768,11.61999352194924
2769,17.561084473864604
2770,21.063590425863644
2771,16.736767853564615
2772,15.016779008820532
2773,18.57488496234641
2774,15.717618233614914
2775,13.199133659606387
2776,15.838874880514219
2777,16.66626850323146
2778,19.064220413656063
2779,17.848381905083148
2780,17.979850164885512
2781,9.523324627290181
2782,18.168952117045908
2783,18.44288021221522
2784,17.369927843559026
2785,16.118095750958314
2786,11.525219581663706
2787,18.872442471835335
2788,14.106144519301939
2789,10.943322470501737
2790,18.79840749640015
2791,15.348077361218246
2792,18.1674421714069
2793,19.195512002861236
2794,17.58892955535246
2795,15.218930190951005
2796,15.728767931947981
2797,15.919644834185693
2798,13.486963434509766
2799,18.718917088610393
2800,18.330254991885326
2801,10.367724586887526
2802,20.591662279709666
2803,17.314516480773865
2804,14.528911734526451
2805,14.637735855017535
2806,18.274148820884857
2807,16.914517077427995
2808,18.065952047701455
2809,16.094996815130763
2810,8.991562278171614
2811,12.137274397959901
2812,12.55093458992501
2813,16.724595079318217
2814,14.252085368606027
2815,18.27189405881519
2816,14.877212981412168
2817,15.698828176926925
2818,16.047353607704864
2819,14.944303785403944
2820,13.122365377402328
2821,16.893871899369287
2822,17.54450609350043
2823,13.655737267512269
2824,17.649883000590858
2825,18.420680753952364
2826,15.818640142807183
2827,16.140259899195947
2828,17.840862266556567
2829,14.525104742007036
2830,13.408220285256078
2831,16.773816263922864
2832,18.630813046901476
2833,17.91530691544067
2834,19.401742741127066
2835,16.87932330689845
2836,15.171086399630498
2837,17.747911750512458
2838,17.05194885579669
2839,19.338124906369682
2840,13.932801027885628
2841,18.84933473298692
2842,16.666057798231698
2843,18.32158304253502
2844,15.704741657257914
2845,10.247112717290387
2846,19.378869352178302
2847,14.301540083785468
2848,18.025369124277294
2849,16.6375073486694
2850,16.8261314932731
2851,16.325387180248814
2852,15.684842609693975
2853,16.03371571777245
2854,15.56955379507302
2855,10.788968500016754
2856,17.001294144953327
2857,15.687312888712007
2858,19.951038976519428
2859,17.03574549881578
2860,18.16885334126544
2861,18.448546823084033
2862,14.05357740097386
2863,15.947799142588968
2864,4.61512051684126
2865,16.004658271744347
2866,19.94098831379226
2867,13.815511557963774
2868,11.873755763452438
2869,17.819879991985392
2870,18.986393178086345
2871,16.966860449151664
2872,16.504942781795293
2873,11.660146475719875
2874,3.258096538021482
2875,10.373522431293592
2876,16.670837985024534
2877,17.766235488152116
2878,16.759934747547664
2879,16.87421767762801
2880,19.14030790466284
2881,18.924350922471213
2882,15.711536644761743
2883,18.040436425997413
2884,12.712338891110125
2885,11.900335218411945
2886,12.216027926866138
2887,17.416728578392956
2888,16.89512436147598
2889,17.50305865121051
2890,18.23532528151747
2891,17.15229993441573
2892,15.572365386384021
2893,18.76427045543464
2894,12.29512236036368
2895,18.079174246678793
2896,13.377295476239128
2897,16.64824749443877
2898,18.99758388649131
2899,19.685507971453088
2900,13.095892083898512
2901,18.841813051360475
2902,9.991223666840215
2903,16.756198933454446
2904,16.6183302472689
2905,13.286699155432807
2906,19.243978104148432
2907,17.708192219688602
2908,15.896117670102871
2909,17.705348361618505
2910,14.639247747016668
2911,18.172226910266573
2912,14.777349633553024
2913,14.635580655696309
2914,17.213995798427522
2915,19.678267115399933
2916,16.17533601144055
2917,17.859296064951202
2918,14.346139397261565
2919,16.380459992348886
2920,8.360773272144936
2921,14.77409458546419
2922,16.34290181935843
2923,16.60110558038708
2924,14.691840590963235
2925,18.77708160133281
2926,17.531471622398225
2927,19.88386928517694
2928,15.650310997962787
2929,17.745519305858394
2930,17.2449005987633
2931,17.419774898119332
2932,16.811242881518265
2933,18.127765951335714
2934,18.160771763805897
2935,18.440483381052466
2936,9.147720009994515
2937,17.69538552857944
2938,19.814869221880382
2939,11.695255355062795
2940,18.440483381052466
2941,15.749473913131132
2942,11.675299383954487
2943,17.180087695653675
2944,18.309306426024694
2945,17.442514634955867
2946,13.842890288723991
2947,12.482324642847036
2948,17.041676942003136
2949,15.607270193858982
2950,18.55964959800306
2951,16.74427982702806
2952,18.000050377412492
2953,16.766527957063808
2954,16.410462233937263
2955,17.201130573329557
2956,16.296198739178816
2957,17.38310091862791
2958,16.939233282690495
2959,15.341567078850604
2960,13.96734541548669
2961,18.64963346134075
2962,17.86434984984075
2963,17.60056347823453
2964,13.286597335399627
2965,19.906389965047964
2966,18.291028025251787
2967,15.843658936835498
2968,14.693235498177241
2969,18.290048516113917
2970,19.83412017378586
2971,16.54853001631402
2972,15.977168635148608
2973,15.232030731834442
2974,16.16142416553095
2975,17.873900721482027
2976,16.5516422894493
2977,17.206657637442962
2978,13.86790279828948
2979,18.16549179224735
2980,14.731801689838349
2981,11.440365524765756
2982,12.838933584516631
2983,13.582103264188609
2984,18.57463152094324
2985,16.50033505171102
2986,16.625260421972424
2987,13.663049117235595
2988,11.567953277356672
2989,11.514953407304466
2990,15.795247503520217
2991,18.326790602416278
2992,14.009333222732756
2993,19.206485753578583
2994,16.50438256077393
2995,14.28344204179883
2996,12.10399008483623
2997,18.30926596036646
2998,18.962792145839416
2999,18.223292118822364
